date,tmin,tmax,tmed
01/1856,9.59,14.28,11.94
02/1856,8.1,14.72,11.41
03/1856,10.11,16.6,13.35
04/1856,10.12,16.29,13.2
05/1856,11.74,19.41,15.57
06/1856,15.41,24.85,20.13
07/1856,17.31,27.45,22.38
08/1856,18.06,28.77,23.41
09/1856,16,24.57,20.29
10/1856,13.07,21.26,17.16
11/1856,8.27,16.64,12.46
12/1856,7.61,13.62,10.62
01/1857,6.04,11.84,8.94
02/1857,7.2,13.27,10.24
03/1857,8.97,15.66,12.32
04/1857,10.03,17.49,13.76
05/1857,11.57,19.21,15.39
06/1857,15.36,24.34,19.85
07/1857,18.26,29.71,23.99
08/1857,16.72,25.72,21.22
09/1857,16.77,24.98,20.88
10/1857,13.44,20.92,17.18
11/1857,11.61,17.12,14.37
12/1857,6.36,13.28,9.82
01/1858,4.2,11.64,7.92
02/1858,8.75,14.26,11.51
03/1858,8.54,16.57,12.55
04/1858,12.16,20.66,16.41
05/1858,12.34,22.27,17.3
06/1858,16.38,26.59,21.48
07/1858,16.32,25.98,21.15
08/1858,16.72,26.77,21.75
09/1858,16.56,25.47,21.01
10/1858,14.23,21.47,17.85
11/1858,12.22,17.28,14.75
12/1858,8.12,14.1,11.11
01/1859,5.4,12.25,8.82
02/1859,7.49,15.23,11.36
03/1859,9.02,18.63,13.83
04/1859,11.58,19.89,15.74
05/1859,12.05,18.91,15.48
06/1859,14.29,21.8,18.04
07/1859,18.02,29.32,23.67
08/1859,17.66,27.75,22.7
09/1859,15.85,24.87,20.36
10/1859,13.65,19.48,16.57
11/1859,10.21,16.83,13.52
12/1859,6.59,12.58,9.59
01/1860,9.3,13.79,11.55
02/1860,4.54,11.71,8.13
03/1860,8.25,16.06,12.16
04/1860,9.89,17.33,13.61
05/1860,13.36,23.03,18.19
06/1860,14.65,22.86,18.75
07/1860,14.22,26.55,20.38
08/1860,15.85,26.45,21.15
09/1860,13.8,22.14,17.97
10/1860,13.29,22.91,18.1
11/1860,12.34,17.45,14.9
12/1860,9.86,14.94,12.4
01/1861,5.42,13.01,9.21
02/1861,7.19,13.3,10.24
03/1861,9.61,18.25,13.93
04/1861,10.9,19.09,15
05/1861,13.58,21.66,17.62
06/1861,14.87,23.32,19.09
07/1861,16.29,25.29,20.79
08/1861,18.05,30.02,24.04
09/1861,16.17,26.5,21.33
10/1861,14.88,20.34,17.61
11/1861,10.82,16.29,13.56
12/1861,7.47,13.03,10.25
01/1862,8.43,13.85,11.14
02/1862,7.54,14.76,11.15
03/1862,10.05,15.68,12.87
04/1862,10.79,19.1,14.95
05/1862,12.54,20.51,16.52
06/1862,15.82,24.97,20.39
07/1862,17.94,28.68,23.31
08/1862,16.12,25.75,20.94
09/1862,15.84,23.58,19.71
10/1862,13.95,22.45,18.2
11/1862,9.12,15.27,12.19
12/1862,7.69,13.8,10.75
01/1863,6.75,13.51,10.13
02/1863,6.78,15.16,10.97
03/1863,9.29,16.11,12.7
04/1863,11.27,20.22,15.74
05/1863,12.01,20.77,16.39
06/1863,14.31,24.09,19.2
07/1863,16.51,26.61,21.56
08/1863,17.36,27.65,22.5
09/1863,15.67,23.48,19.57
10/1863,13.57,20.51,17.04
11/1863,10,17.54,13.77
12/1863,5.9,13.34,9.62
01/1864,6.62,12.05,9.33
02/1864,7.25,12.79,10.02
03/1864,9.52,14.51,12.01
04/1864,11.53,17.57,14.55
05/1864,15.85,22.67,19.26
06/1864,16.97,24.81,20.89
07/1864,17.71,25.47,21.59
08/1864,20.69,29.35,25.02
09/1864,16.88,24.66,20.77
10/1864,14.65,19.53,17.09
11/1864,11.06,15.17,13.11
12/1864,7.22,11.78,9.5
01/1865,9.91,13.32,11.61
02/1865,8.34,13.5,10.92
03/1865,8.27,13.49,10.88
04/1865,12.27,17.78,15.02
05/1865,13.08,18.65,15.87
06/1865,18.85,25.56,22.21
07/1865,18.53,25.67,22.1
08/1865,17.28,24.36,20.82
09/1865,18.91,27.21,23.06
10/1865,15.18,19.61,17.4
11/1865,11.29,15.35,13.32
12/1865,6.9,11.91,9.41
01/1866,7.64,12.9,10.27
02/1866,9.15,13.48,11.31
03/1866,8.66,13.95,11.3
04/1866,11.47,17.4,14.44
05/1866,13.87,19.18,16.53
06/1866,15.28,21.87,18.57
07/1866,17.23,24.46,20.85
08/1866,18.4,26.45,22.43
09/1866,16.29,22.76,19.52
10/1866,14.27,19.53,16.9
11/1866,11.75,17.92,14.84
12/1866,9.07,14.27,11.67
01/1867,9.98,14.2,12.09
02/1867,9.54,15.97,12.75
03/1867,10.9,15.12,13.01
04/1867,12.36,19.43,15.9
05/1867,13.47,18.75,16.11
06/1867,16.81,24.7,20.75
07/1867,16.87,24.15,20.51
08/1867,17.04,25.79,21.41
09/1867,16.77,24.59,20.68
10/1867,13.2,20.57,16.89
11/1867,10.61,16.95,13.78
12/1867,6.65,12.2,9.42
01/1868,7.14,12.36,9.75
02/1868,7.82,14.52,11.17
03/1868,10.02,17.91,13.97
04/1868,11.27,18.25,14.76
05/1868,14.29,22.14,18.22
06/1868,17.94,25.85,21.9
07/1868,18.25,23.95,21.1
08/1868,18.08,25.32,21.7
09/1868,17.2,22.99,20.1
10/1868,12.83,19.17,16
11/1868,10.72,15.73,13.22
12/1868,12.02,15.93,13.97
01/1869,9.03,13.69,11.36
02/1869,8.69,15.46,12.07
03/1869,8.23,13.89,11.06
04/1869,11.57,18.43,15
05/1869,13.15,18.52,15.84
06/1869,16.13,23.64,19.88
07/1869,17.92,25.99,21.95
08/1869,18.33,26.69,22.51
09/1869,16.66,23.97,20.32
10/1869,13.97,20.62,17.3
11/1869,10.31,16.76,13.54
12/1869,7.91,12.47,10.19
01/1870,6.45,11.24,8.84
02/1870,9.63,13.78,11.7
03/1870,9.95,16.85,13.4
04/1870,12.67,20.37,16.52
05/1870,14.37,22.44,18.4
06/1870,17.72,27.11,22.42
07/1870,18.64,27.5,23.07
08/1870,17.91,25.28,21.59
09/1870,18.11,25.04,21.57
10/1870,16.09,21.92,19
11/1870,11.05,16.23,13.64
12/1870,8.45,13.22,10.84
01/1871,6.9,11.35,9.12
02/1871,9.78,15.3,12.54
03/1871,9.81,15.91,12.86
04/1871,12.82,19.91,16.36
05/1871,14.5,19.92,17.21
06/1871,15.16,21.5,18.33
07/1871,17.11,26.44,21.78
08/1871,18.15,26.6,22.38
09/1871,16.99,21.78,19.39
10/1871,14.41,20.92,17.66
11/1871,11.61,16.11,13.86
12/1871,5.64,11.13,8.39
01/1872,9.42,13.4,11.41
02/1872,9.25,13.71,11.48
03/1872,9.86,16.23,13.04
04/1872,11.29,18.05,14.67
05/1872,12.02,18.68,15.35
06/1872,15.51,24.52,20.02
07/1872,17.25,25.05,21.15
08/1872,17.97,27.16,22.56
09/1872,16.56,24.31,20.44
10/1872,12.08,17.92,15
11/1872,10.09,15.87,12.98
12/1872,8.35,13.31,10.83
01/1873,8.95,13.34,11.14
02/1873,7.12,12.47,9.79
03/1873,9.47,14.12,11.79
04/1873,10.49,17.19,13.84
05/1873,14.08,21.81,17.95
06/1873,15.95,22.8,19.38
07/1873,16.93,25.66,21.29
08/1873,18.13,26.65,22.39
09/1873,16.28,24.46,20.37
10/1873,12.88,19.55,16.22
11/1873,10.89,16.45,13.67
12/1873,5.91,13.14,9.52
01/1874,8.42,13.98,11.2
02/1874,9.2,14.31,11.76
03/1874,9.47,17.73,13.6
04/1874,11.88,18.35,15.12
05/1874,13.86,20.58,17.22
06/1874,15.37,21.72,18.55
07/1874,17.19,26.28,21.74
08/1874,18.15,27.04,22.6
09/1874,16.74,23.77,20.26
10/1874,14,20.4,17.2
11/1874,11.29,17.11,14.2
12/1874,7.49,11.95,9.72
01/1875,8.6,13.49,11.05
02/1875,7.54,13,10.27
03/1875,9.52,16.22,12.87
04/1875,11.2,17.68,14.44
05/1875,14.26,22.93,18.6
06/1875,14.79,23.45,19.12
07/1875,15.34,23.53,19.44
08/1875,17.72,26.98,22.35
09/1875,17.26,25.3,21.28
10/1875,14.8,20.91,17.85
11/1875,11.68,17.42,14.55
12/1875,5.62,11.32,8.47
01/1876,5.2,11.52,8.36
02/1876,8.77,14.72,11.74
03/1876,8.94,14.97,11.95
04/1876,9.81,16.92,13.36
05/1876,12.1,18.89,15.49
06/1876,13.69,21.25,17.47
07/1876,18.93,29.61,24.27
08/1876,18.34,27.51,22.92
09/1876,17.06,24.66,20.86
10/1876,14.12,19.48,16.8
11/1876,12.29,17.95,15.12
12/1876,10.98,15.28,13.13
01/1877,10.26,14.9,12.58
02/1877,8.99,15.33,12.16
03/1877,9.42,15.47,12.45
04/1877,11.92,16.98,14.45
05/1877,13.36,20.34,16.85
06/1877,15.54,22.93,19.24
07/1877,18.32,26.8,22.56
08/1877,17.74,25.88,21.81
09/1877,16.92,23.34,20.13
10/1877,13.49,20.96,17.23
11/1877,11.74,17.28,14.51
12/1877,8.35,13.34,10.85
01/1878,6.58,12.68,9.63
02/1878,7.63,14.56,11.09
03/1878,9.79,17.7,13.75
04/1878,12.54,17.68,15.11
05/1878,13.66,19.92,16.79
06/1878,15.06,22.9,18.98
07/1878,17.59,26.44,22.01
08/1878,17.88,24.65,21.26
09/1878,16.86,25.76,21.31
10/1878,14,20.07,17.03
11/1878,8.85,14.48,11.66
12/1878,8.43,13.32,10.88
01/1879,9.31,13.72,11.51
02/1879,9.43,13.44,11.44
03/1879,8.89,14.9,11.9
04/1879,9.93,15.23,12.58
05/1879,11.71,20.07,15.89
06/1879,14.47,21.42,17.94
07/1879,15.8,24.99,20.39
08/1879,16.69,25.75,21.22
09/1879,15.06,21.94,18.5
10/1879,13.91,20.37,17.14
11/1879,12.23,18.2,15.21
12/1879,5.07,11.67,8.37
01/1880,5.79,12.78,9.28
02/1880,8.77,15.03,11.9
03/1880,10.67,17.16,13.92
04/1880,10.54,16.22,13.38
05/1880,12.31,19.65,15.98
06/1880,13.71,20.85,17.28
07/1880,15.57,23.86,19.72
08/1880,17.49,24.7,21.09
09/1880,17.26,25.02,21.14
10/1880,15.36,20.79,18.08
11/1880,9.91,15.4,12.66
12/1880,8.15,13.91,11.03
01/1881,9,13.74,11.37
02/1881,9.65,14.48,12.07
03/1881,11.75,16.8,14.28
04/1881,11.72,17.58,14.65
05/1881,13.55,21.51,17.53
06/1881,15.76,23.54,19.65
07/1881,17.53,27.02,22.27
08/1881,18.78,29.21,23.99
09/1881,16.32,24.27,20.3
10/1881,13.5,19.58,16.54
11/1881,11.63,17.83,14.73
12/1881,7.19,12.82,10
01/1882,6.87,13.71,10.29
02/1882,8.39,15.73,12.06
03/1882,9.75,17.88,13.82
04/1882,11.11,17.79,14.45
05/1882,12.76,19.09,15.92
06/1882,14.52,22.33,18.43
07/1882,16.25,25.02,20.63
08/1882,17.26,25.93,21.6
09/1882,14.9,22.18,18.54
10/1882,13.68,19.62,16.65
11/1882,11.12,16.64,13.88
12/1882,8.12,13.52,10.82
01/1883,8.15,13.73,10.94
02/1883,7.96,15.09,11.52
03/1883,7.67,13.55,10.61
04/1883,10.43,17.41,13.92
05/1883,11.32,18.31,14.81
06/1883,13.77,21.34,17.56
07/1883,15.63,24.1,19.87
08/1883,16.87,27.48,22.17
09/1883,15.38,23.05,19.21
10/1883,12.83,19.63,16.23
11/1883,10.85,17.15,14
12/1883,6.06,13.25,9.65
01/1884,7.93,14.68,11.3
02/1884,7.91,13.45,10.68
03/1884,9.45,15.84,12.65
04/1884,9.86,14.72,12.29
05/1884,12.43,21.06,16.75
06/1884,14.96,23.86,19.41
07/1884,17.83,25.99,21.91
08/1884,18.33,27.49,22.91
09/1884,16.32,23.35,19.83
10/1884,12.85,20.68,16.77
11/1884,9.48,16.56,13.02
12/1884,7.23,13.25,10.24
01/1885,6.74,12.06,9.4
02/1885,10.56,15.64,13.1
03/1885,9.16,15.03,12.09
04/1885,9.54,15.27,12.41
05/1885,12.58,20.01,16.29
06/1885,15.57,22.71,19.14
07/1885,15.82,24.19,20.01
08/1885,16.72,25.37,21.04
09/1885,16.37,24.65,20.51
10/1885,12.09,18.3,15.2
11/1885,10.4,15.72,13.06
12/1885,7.76,12.91,10.34
01/1886,6.85,12.32,9.58
02/1886,7.65,13.48,10.56
03/1886,11.45,16.45,13.95
04/1886,11.06,17.43,14.25
05/1886,12.01,19.35,15.68
06/1886,15.52,23.15,19.33
07/1886,17.48,26.49,21.99
08/1886,17.6,27.68,22.64
09/1886,16.36,23.93,20.14
10/1886,12.9,18.79,15.85
11/1886,9.01,15.6,12.3
12/1886,9.04,13.99,11.51
01/1887,6.95,13.29,10.12
02/1887,6.22,13.64,9.93
03/1887,10.42,16.26,13.34
04/1887,9.77,17.06,13.41
05/1887,13.15,20.45,16.8
06/1887,18.04,26.45,22.24
07/1887,17.99,27.37,22.68
08/1887,18.22,26.85,22.53
09/1887,15.88,23.41,19.65
10/1887,11.73,19.44,15.58
11/1887,11.02,15.73,13.38
12/1887,7.4,12.95,10.17
01/1888,6.67,13.02,9.85
02/1888,4.88,11.74,8.31
03/1888,8.66,13.45,11.05
04/1888,9.46,16.2,12.83
05/1888,13.78,22.05,17.92
06/1888,14.92,22.75,18.84
07/1888,16.08,24.22,20.15
08/1888,17.08,27.11,22.1
09/1888,17.38,24.71,21.04
10/1888,13.75,20.85,17.3
11/1888,10.46,16.67,13.56
12/1888,8.91,14.19,11.55
01/1889,6.26,12.48,9.37
02/1889,7.61,14.33,10.97
03/1889,8.38,15.2,11.79
04/1889,9.33,15.48,12.4
05/1889,11.39,17.66,14.52
06/1889,14.13,20.91,17.52
07/1889,16.7,24.35,20.53
08/1889,16.7,25.7,21.2
09/1889,17.02,25.8,21.41
10/1889,12.82,18.72,15.77
11/1889,10.87,16.8,13.84
12/1889,5.95,12.79,9.37
01/1890,8.08,13.97,11.03
02/1890,6.64,13.35,9.99
03/1890,7.66,14.8,11.23
04/1890,10.39,17.04,13.71
05/1890,11.64,17.58,14.61
06/1890,16.08,26.26,21.17
07/1890,16.22,25.84,21.03
08/1890,16.17,24.7,20.44
09/1890,16.76,25.39,21.08
10/1890,13.97,22.73,18.35
11/1890,9.73,16.65,13.19
12/1890,7.27,12.16,9.72
01/1891,5.42,11.33,8.37
02/1891,6.94,15.58,11.26
03/1891,8.72,15.13,11.92
04/1891,11.36,17.5,14.43
05/1891,12.22,18.44,15.33
06/1891,15.9,23.45,19.67
07/1891,17.11,25.91,21.51
08/1891,16.49,25.98,21.24
09/1891,15.96,24.57,20.27
10/1891,14.07,19.42,16.74
11/1891,11.08,16.02,13.55
12/1891,8.57,13.52,11.04
01/1892,7.24,13.04,10.14
02/1892,8.29,14.4,11.34
03/1892,10.04,15.37,12.7
04/1892,11.15,17.97,14.56
05/1892,14.05,21.39,17.72
06/1892,15.82,23.84,19.83
07/1892,17.42,25.44,21.43
08/1892,17.63,27.76,22.69
09/1892,17.03,25.61,21.32
10/1892,13.04,18.61,15.83
11/1892,11.72,17.08,14.4
12/1892,7.3,13.57,10.44
01/1893,6.64,13.06,9.85
02/1893,9.21,14.74,11.98
03/1893,11.84,18.73,15.28
04/1893,12.35,18.76,15.55
05/1893,14.86,21.62,18.24
06/1893,16.75,24.65,20.7
07/1893,18.62,27.87,23.25
08/1893,18.35,28.28,23.32
09/1893,17.08,23.85,20.46
10/1893,14.45,22.38,18.42
11/1893,10.81,16.26,13.54
12/1893,7.89,13.4,10.65
01/1894,7.42,12.6,10.01
02/1894,7.36,14.58,10.97
03/1894,9.11,15.96,12.54
04/1894,10.69,15.75,13.22
05/1894,11.89,18.94,15.41
06/1894,15.63,24.62,20.12
07/1894,16.73,26.33,21.53
08/1894,17.91,27.1,22.5
09/1894,16.42,23.52,19.97
10/1894,15.07,20.91,17.99
11/1894,10.89,16.88,13.89
12/1894,8.69,14.01,11.35
01/1895,7.15,12.24,9.69
02/1895,10.67,14.86,12.77
03/1895,8.96,14.46,11.71
04/1895,11.75,17.57,14.66
05/1895,13.93,21.93,17.93
06/1895,16.24,24.67,20.45
07/1895,17.6,25.49,21.55
08/1895,18.07,27.71,22.89
09/1895,17.77,24.67,21.22
10/1895,15.63,21.23,18.43
11/1895,13.74,18.53,16.13
12/1895,10.44,15.16,12.8
01/1896,6.9,13.55,10.23
02/1896,7.63,15.61,11.62
03/1896,10.17,17.91,14.04
04/1896,12.88,22.52,17.7
05/1896,14.31,22.06,18.19
06/1896,15.92,23.8,19.86
07/1896,17.79,26.43,22.11
08/1896,17.51,26.82,22.17
09/1896,16.45,24.92,20.69
10/1896,11.35,18.23,14.79
11/1896,8.97,14.74,11.86
12/1896,9.3,13.89,11.59
01/1897,7.07,11.82,9.44
02/1897,9.61,16.1,12.86
03/1897,11.53,18.25,14.89
04/1897,11.52,18.06,14.79
05/1897,13.73,20.66,17.19
06/1897,17.08,26.17,21.62
07/1897,18.29,27.88,23.09
08/1897,17.81,26.43,22.12
09/1897,16.1,24.85,20.48
10/1897,15.58,22.2,18.89
11/1897,12.49,17.91,15.2
12/1897,10.2,14.77,12.48
01/1898,7.9,13.82,10.86
02/1898,8.49,15.9,12.19
03/1898,8.42,15.37,11.9
04/1898,10.88,17.62,14.25
05/1898,13.04,20.21,16.62
06/1898,15.36,23.52,19.44
07/1898,18.74,27.45,23.1
08/1898,18.89,28.75,23.82
09/1898,18.54,25.99,22.27
10/1898,15.25,21.09,18.17
11/1898,10.89,16.07,13.48
12/1898,7.43,13.89,10.66
01/1899,8.69,13.69,11.19
02/1899,10.7,15.27,12.99
03/1899,10.54,17.24,13.89
04/1899,12.68,21.32,17
05/1899,14.38,21.81,18.1
06/1899,15.94,23.99,19.97
07/1899,18.98,28.13,23.55
08/1899,19.9,27.79,23.85
09/1899,17.84,25.94,21.89
10/1899,17.66,22.86,20.26
11/1899,12.22,17.96,15.09
12/1899,9.53,14.67,12.1
01/1900,7.69,13.48,10.59
02/1900,10.22,14.55,12.39
03/1900,8.14,14.38,11.26
04/1900,12.85,19.64,16.25
05/1900,13.25,19.93,16.59
06/1900,15.18,23.46,19.32
07/1900,18.61,28,23.3
08/1900,17.55,25.73,21.64
09/1900,17.85,25.03,21.44
10/1900,14.26,20.91,17.58
11/1900,11.14,16.35,13.74
12/1900,9.35,14.49,11.92
01/1901,7.8,13.45,10.63
02/1901,5.89,11.99,8.94
03/1901,8.97,14.71,11.84
04/1901,11.88,18.58,15.23
05/1901,13.9,21.02,17.46
06/1901,16.14,24.87,20.51
07/1901,17.43,27.44,22.43
08/1901,18.62,27.16,22.89
09/1901,16.52,22.61,19.56
10/1901,13.26,19.24,16.25
11/1901,8.81,15.41,12.11
12/1901,7.58,12.81,10.2
01/1902,7.63,13.3,10.47
02/1902,9.9,14.01,11.96
03/1902,10.58,17.35,13.97
04/1902,12.02,17.2,14.61
05/1902,12.45,20.59,16.52
06/1902,14.48,21.76,18.12
07/1902,17.44,24.74,21.09
08/1902,17.23,26.06,21.65
09/1902,16.42,24.11,20.26
10/1902,13.52,20.32,16.92
11/1902,11.94,16.86,14.4
12/1902,8.8,13.55,11.18
01/1903,7.55,13,10.27
02/1903,8.75,15.67,12.21
03/1903,10.05,15.99,13.02
04/1903,12.51,20.14,16.32
05/1903,12.91,18.98,15.95
06/1903,15.57,22.59,19.08
07/1903,17.98,25.74,21.86
08/1903,18.58,27.87,23.22
09/1903,15.98,22.89,19.44
10/1903,14.43,20.26,17.34
11/1903,11.23,17.35,14.29
12/1903,8.01,12.5,10.25
01/1904,8.4,12.94,10.67
02/1904,9.5,13.38,11.44
03/1904,8.86,14.44,11.65
04/1904,11.74,20.08,15.91
05/1904,13.92,22.11,18.01
06/1904,15.91,23.35,19.63
07/1904,17.15,25.34,21.25
08/1904,18.56,26.96,22.76
09/1904,16.14,22.69,19.41
10/1904,15.55,22.91,19.23
11/1904,10.97,16.87,13.92
12/1904,10.64,14.78,12.71
01/1905,6.99,12.68,9.84
02/1905,7.18,13.31,10.24
03/1905,11.05,16.22,13.64
04/1905,12.71,19.18,15.94
05/1905,13.75,21.36,17.56
06/1905,15.28,21.87,18.57
07/1905,18.15,26.5,22.33
08/1905,17.62,25.76,21.69
09/1905,16.16,23.44,19.8
10/1905,13.73,20.85,17.29
11/1905,10.41,14.66,12.53
12/1905,8.66,14.09,11.38
01/1906,8.82,13.69,11.25
02/1906,8.02,12.93,10.48
03/1906,9.29,15.73,12.51
04/1906,10.91,17.31,14.11
05/1906,13.45,20.61,17.03
06/1906,17.1,24.99,21.05
07/1906,17.96,26.43,22.2
08/1906,18.84,28.16,23.5
09/1906,18.18,24.65,21.41
10/1906,14.91,20.93,17.92
11/1906,10.59,16.38,13.48
12/1906,7.95,13.62,10.78
01/1907,6.3,12.71,9.5
02/1907,7.4,13.11,10.26
03/1907,10.3,18.22,14.26
04/1907,11.47,17.94,14.71
05/1907,12.63,18.95,15.79
06/1907,15.84,23.27,19.55
07/1907,16.77,24.71,20.74
08/1907,18.54,28.61,23.57
09/1907,18.12,26.14,22.13
10/1907,13.85,18.32,16.09
11/1907,11.19,15.46,13.33
12/1907,11.1,14.59,12.85
01/1908,8.79,13.25,11.02
02/1908,8.61,15.1,11.85
03/1908,8.87,14.95,11.91
04/1908,10.53,16.21,13.37
05/1908,14.65,22.41,18.53
06/1908,15.93,22.83,19.38
07/1908,17.25,26.45,21.85
08/1908,18.1,26.55,22.32
09/1908,16.71,24.88,20.8
10/1908,15.53,21.26,18.4
11/1908,12.53,17.28,14.91
12/1908,10.36,14.4,12.38
01/1909,7.49,12.45,9.97
02/1909,7.61,13.45,10.53
03/1909,9.4,13.98,11.69
04/1909,12.74,19.92,16.33
05/1909,14.76,21.8,18.28
06/1909,14.71,21.1,17.91
07/1909,17.89,27.32,22.6
08/1909,17.64,26.26,21.95
09/1909,16,23.21,19.6
10/1909,14.95,21.62,18.28
11/1909,11.38,15.97,13.68
12/1909,10.95,14.83,12.89
01/1910,7.61,13.09,10.35
02/1910,9.99,14.95,12.47
03/1910,8.55,15.38,11.97
04/1910,10.99,17.95,14.47
05/1910,11.95,19.45,15.7
06/1910,15.14,23.02,19.08
07/1910,16.91,24.9,20.9
08/1910,17.43,26.77,22.1
09/1910,17.82,25.32,21.57
10/1910,14.71,20.69,17.7
11/1910,11.52,16.49,14
12/1910,10.06,14.49,12.28
01/1911,4.91,11.79,8.35
02/1911,8.01,15.31,11.66
03/1911,9.25,14.35,11.8
04/1911,9.59,16.59,13.09
05/1911,12.84,19.86,16.35
06/1911,14.6,21.31,17.96
07/1911,19.03,27.45,23.24
08/1911,18.25,27.23,22.74
09/1911,18.88,27.25,23.06
10/1911,13.97,19.44,16.7
11/1911,10.75,15.85,13.3
12/1911,10.66,14.77,12.72
01/1912,8.5,13.45,10.98
02/1912,10.8,15.61,13.21
03/1912,11.08,17.02,14.05
04/1912,11.54,19.31,15.42
05/1912,14.43,22.6,18.51
06/1912,14.43,22.54,18.48
07/1912,15.29,22.41,18.85
08/1912,15.72,23.73,19.73
09/1912,17.45,24.67,21.06
10/1912,14.01,20.21,17.11
11/1912,10.54,16.79,13.66
12/1912,7.09,13.14,10.12
01/1913,10.22,14.78,12.5
02/1913,8.15,13.96,11.05
03/1913,9.96,15.98,12.97
04/1913,10.67,16.53,13.6
05/1913,13.45,20.56,17.01
06/1913,16.47,26.38,21.43
07/1913,17.33,26.43,21.88
08/1913,17.46,25.32,21.39
09/1913,16.21,22.78,19.49
10/1913,13.97,19.68,16.82
11/1913,11.82,16.96,14.39
12/1913,7.67,12.78,10.22
01/1914,6.8,12.47,9.64
02/1914,9.55,14.45,12
03/1914,10.19,15.73,12.96
04/1914,11.68,18.64,15.16
05/1914,13.42,21.34,17.38
06/1914,14.83,21.95,18.39
07/1914,16.4,25.1,20.75
08/1914,17.35,27.04,22.19
09/1914,18.22,26.65,22.43
10/1914,14.52,21.34,17.93
11/1914,10.97,16.03,13.5
12/1914,9.96,14.25,12.1
01/1915,8.15,12.46,10.31
02/1915,8.94,13.53,11.24
03/1915,10.81,16.31,13.56
04/1915,10.54,17.37,13.95
05/1915,14.15,20.46,17.3
06/1915,16.49,24.1,20.3
07/1915,17.74,26.58,22.16
08/1915,18.56,27.8,23.18
09/1915,17.51,25.28,21.4
10/1915,14.12,20.59,17.36
11/1915,11.52,16.38,13.95
12/1915,11.26,15.19,13.22
01/1916,7.99,13.78,10.89
02/1916,8.83,13.86,11.34
03/1916,8.94,13.64,11.29
04/1916,10.72,18.29,14.5
05/1916,13.74,20.83,17.28
06/1916,15.09,23.74,19.41
07/1916,16.94,25.06,21
08/1916,18.35,26.63,22.49
09/1916,17.51,26.07,21.79
10/1916,14.97,22.54,18.76
11/1916,11.4,16.42,13.91
12/1916,10.14,14.57,12.36
01/1917,7.73,12.7,10.22
02/1917,7.98,13.16,10.57
03/1917,8.71,14.56,11.64
04/1917,10.4,17.84,14.12
05/1917,13.86,19.85,16.85
06/1917,15.67,24.15,19.91
07/1917,17.82,27.66,22.74
08/1917,16.6,25.59,21.1
09/1917,17.39,27.37,22.38
10/1917,13.23,20.72,16.97
11/1917,10.52,18.01,14.26
12/1917,5.85,11.88,8.86
01/1918,9.46,14.04,11.75
02/1918,9.32,15.86,12.59
03/1918,9.93,15.7,12.81
04/1918,10.34,16.53,13.44
05/1918,13.86,21.74,17.8
06/1918,17.2,25.86,21.53
07/1918,18.29,26.82,22.56
08/1918,18.87,28.49,23.68
09/1918,16.7,22.83,19.77
10/1918,12.1,19.13,15.61
11/1918,11.23,16.28,13.76
12/1918,9.2,13.87,11.53
01/1919,8.76,13.42,11.09
02/1919,11.23,14.81,13.02
03/1919,10.14,15.25,12.69
04/1919,10.59,17.97,14.28
05/1919,13.31,20.91,17.11
06/1919,17.15,26.75,21.95
07/1919,17.08,25.09,21.09
08/1919,19.18,29.72,24.45
09/1919,17.88,25.47,21.68
10/1919,13.71,19.98,16.85
11/1919,10.06,15.42,12.74
12/1919,9.15,13.83,11.49
01/1920,8.72,13.38,11.05
02/1920,9.33,15.21,12.27
03/1920,9.82,16.79,13.3
04/1920,12.59,18.85,15.72
05/1920,14.72,22.05,18.38
06/1920,16.84,24.4,20.62
07/1920,16.53,25.48,21
08/1920,17.44,26.97,22.2
09/1920,17.3,25.79,21.54
10/1920,14.27,19.01,16.64
11/1920,11.45,16.7,14.07
12/1920,9.62,13.95,11.79
01/1921,8.67,14.19,11.43
02/1921,8.35,14.2,11.28
03/1921,9.52,17.01,13.27
04/1921,11.35,18.9,15.12
05/1921,13.18,20.79,16.99
06/1921,15.62,23.63,19.62
07/1921,18.79,27.94,23.36
08/1921,18.08,27.62,22.85
09/1921,17.24,24.6,20.92
10/1921,16.41,22.55,19.48
11/1921,11.85,17.42,14.64
12/1921,8.24,13.91,11.07
01/1922,8.65,13.83,11.24
02/1922,9.22,14.49,11.86
03/1922,8.92,14.31,11.61
04/1922,11.01,16.87,13.94
05/1922,15.44,24.55,20
06/1922,15.98,24.62,20.3
07/1922,16.63,26.08,21.36
08/1922,18.21,27.58,22.9
09/1922,16.62,25.04,20.83
10/1922,15.2,21.44,18.32
11/1922,11.4,16.99,14.2
12/1922,7.69,13.67,10.68
01/1923,6.59,12.46,9.53
02/1923,9.78,14.74,12.26
03/1923,10.75,17.49,14.12
04/1923,10.01,15.98,12.99
05/1923,12.76,19.88,16.32
06/1923,16.27,26.09,21.18
07/1923,18.22,27.49,22.85
08/1923,18.55,29.49,24.02
09/1923,16.81,25.28,21.04
10/1923,15.58,22.45,19.01
11/1923,10.58,15.39,12.98
12/1923,7.6,13.15,10.37
01/1924,8.72,13.81,11.26
02/1924,6.25,12.4,9.32
03/1924,11.3,15.44,13.37
04/1924,12.02,18.84,15.43
05/1924,14.23,21.7,17.96
06/1924,16.25,24.8,20.52
07/1924,17.57,26.73,22.15
08/1924,17.33,25.9,21.61
09/1924,16.39,23.26,19.83
10/1924,14.68,20.88,17.78
11/1924,10.89,16.14,13.51
12/1924,9.8,14.53,12.17
01/1925,8.4,14,11.2
02/1925,8.24,13.45,10.84
03/1925,7.78,14.89,11.33
04/1925,10.82,17.09,13.95
05/1925,12.68,19.25,15.96
06/1925,16.48,23.49,19.99
07/1925,16.76,25.51,21.14
08/1925,18.17,27.49,22.83
09/1925,17.07,25.98,21.52
10/1925,15.32,21.64,18.48
11/1925,10.44,15.43,12.93
12/1925,11.44,14.97,13.2
01/1926,9.46,14.54,12
02/1926,11.29,17.27,14.28
03/1926,11.35,18.02,14.68
04/1926,11.64,17.51,14.57
05/1926,12.35,19.63,15.99
06/1926,15.49,23.6,19.55
07/1926,18.64,27.48,23.06
08/1926,20.1,29.38,24.74
09/1926,20.08,29.16,24.62
10/1926,16.38,23.56,19.97
11/1926,11.98,16.72,14.35
12/1926,7.89,13.08,10.48
01/1927,8.9,13.72,11.31
02/1927,8.89,14.46,11.67
03/1927,10.12,15.36,12.74
04/1927,11.96,20.42,16.19
05/1927,14.83,21.59,18.21
06/1927,16.76,25.27,21.02
07/1927,16.87,24.4,20.64
08/1927,17.48,26.57,22.03
09/1927,15.67,23.99,19.83
10/1927,14.78,22.49,18.64
11/1927,10.57,16.37,13.47
12/1927,10.01,13.87,11.94
01/1928,8.08,12.91,10.5
02/1928,9.42,15.43,12.42
03/1928,10.22,15.46,12.84
04/1928,10.67,16.32,13.5
05/1928,11.79,18.21,15
06/1928,15.59,24.26,19.92
07/1928,19.68,29.75,24.72
08/1928,17.91,27.13,22.52
09/1928,17.7,25.39,21.55
10/1928,14.62,20.71,17.66
11/1928,10.06,15.82,12.94
12/1928,7.28,13.15,10.21
01/1929,7.4,12.51,9.95
02/1929,9.29,14.78,12.03
03/1929,10.64,18.23,14.44
04/1929,12.07,19.69,15.88
05/1929,11.98,19.64,15.81
06/1929,16.08,24.18,20.13
07/1929,17.42,27.08,22.25
08/1929,18.16,28.01,23.09
09/1929,18.03,25.37,21.7
10/1929,14.83,21.56,18.19
11/1929,11.91,17.01,14.46
12/1929,10.84,15.54,13.19
01/1930,8.69,13.7,11.2
02/1930,6.81,13.02,9.92
03/1930,10.27,17.06,13.66
04/1930,10.21,15.3,12.75
05/1930,13.08,20.77,16.93
06/1930,15.13,22.16,18.65
07/1930,17.75,25.2,21.48
08/1930,18.75,28.21,23.48
09/1930,17.23,25.77,21.5
10/1930,15.27,21.93,18.6
11/1930,11.95,17.81,14.88
12/1930,10.24,14.78,12.51
01/1931,8.44,13.44,10.94
02/1931,8.75,14.31,11.53
03/1931,11.5,16.22,13.86
04/1931,11.68,18.42,15.05
05/1931,12.5,18.98,15.74
06/1931,16,24.23,20.12
07/1931,16.48,25.28,20.88
08/1931,16.81,24.61,20.71
09/1931,16.35,24.42,20.39
10/1931,14.26,21.15,17.71
11/1931,11.61,17.35,14.48
12/1931,6.11,13.24,9.67
01/1932,7.13,13.22,10.17
02/1932,6.23,13.09,9.66
03/1932,10.18,16.16,13.17
04/1932,9.81,16.4,13.1
05/1932,12.12,19.25,15.68
06/1932,14.87,22.34,18.6
07/1932,16.54,25.49,21.01
08/1932,18.54,27.23,22.88
09/1932,17.31,24.62,20.97
10/1932,13.82,19.48,16.65
11/1932,11.4,16.78,14.09
12/1932,9.16,14.13,11.65
01/1933,7.02,12.42,9.72
02/1933,6.74,13.8,10.27
03/1933,10.19,15.9,13.05
04/1933,11.81,20.31,16.06
05/1933,14.82,22.8,18.81
06/1933,14.85,22.42,18.64
07/1933,17.78,27.35,22.57
08/1933,18.45,28.23,23.34
09/1933,16.74,22.91,19.82
10/1933,13.96,19.85,16.9
11/1933,9.27,14.89,12.08
12/1933,5.81,11,8.4
01/1934,6.52,12.23,9.37
02/1934,5.28,14.27,9.77
03/1934,8.36,14.23,11.3
04/1934,9.46,15.48,12.47
05/1934,12.89,21.34,17.11
06/1934,15.12,24.77,19.95
07/1934,16.91,26.92,21.91
08/1934,15.92,25.2,20.56
09/1934,16.28,25.36,20.82
10/1934,14.57,23.32,18.95
11/1934,7.86,14.96,11.41
12/1934,10.86,15.66,13.26
01/1935,5.43,12.45,8.94
02/1935,7,14.26,10.63
03/1935,9.62,17.75,13.69
04/1935,10.22,18.29,14.25
05/1935,10.94,18.02,14.48
06/1935,14.18,22.78,18.48
07/1935,16.71,26.79,21.75
08/1935,16.86,27.48,22.17
09/1935,15.94,25.97,20.95
10/1935,12.46,20.58,16.52
11/1935,10.28,16.07,13.17
12/1935,9.78,14.59,12.19
01/1936,10.61,14.88,12.74
02/1936,10.12,14.93,12.52
03/1936,9.95,14.6,12.27
04/1936,11.35,17.27,14.31
05/1936,11.27,18.02,14.64
06/1936,13.42,20.94,17.18
07/1936,15.89,25.25,20.57
08/1936,17.62,28.69,23.16
09/1936,16.59,25.56,21.08
10/1936,13.17,21.35,17.26
11/1936,9.85,15.88,12.87
12/1936,6.67,13.5,10.09
01/1937,7.77,13.69,10.73
02/1937,10.04,16.11,13.07
03/1937,9.27,14.64,11.95
04/1937,12.15,19.41,15.78
05/1937,12.84,21.76,17.3
06/1937,14.45,22.69,18.57
07/1937,17.37,27.86,22.62
08/1937,17.2,27.6,22.4
09/1937,16.15,25.17,20.66
10/1937,14.45,20.68,17.56
11/1937,12.87,17.35,15.11
12/1937,8.29,13.35,10.82
01/1938,7.91,13.33,10.62
02/1938,7.93,14.67,11.3
03/1938,10.44,19.24,14.84
04/1938,12.42,20.53,16.48
05/1938,13.11,20.29,16.7
06/1938,16.22,25.91,21.06
07/1938,16.47,26.22,21.35
08/1938,17.34,26.6,21.97
09/1938,15.49,22.59,19.04
10/1938,14.81,22.23,18.52
11/1938,12.94,18.74,15.84
12/1938,9.04,13.84,11.44
01/1939,10.43,14.58,12.5
02/1939,9.02,15.22,12.12
03/1939,9.23,16.2,12.72
04/1939,10.96,17.44,14.2
05/1939,13.53,21.65,17.59
06/1939,15.02,22.11,18.56
07/1939,16.73,25.45,21.09
08/1939,17.18,24.78,20.98
09/1939,17.43,24.95,21.19
10/1939,14.24,19.45,16.84
11/1939,11.1,16.64,13.87
12/1939,10.15,14.33,12.24
01/1940,9.34,13.67,11.5
02/1940,10.54,15.22,12.88
03/1940,12.01,17.4,14.71
04/1940,12.26,18.79,15.52
05/1940,12.87,19.85,16.36
06/1940,15.39,24.41,19.9
07/1940,16.45,25.64,21.04
08/1940,19.15,30,24.58
09/1940,17.04,25.35,21.19
10/1940,13.55,19.56,16.56
11/1940,10.72,16.27,13.5
12/1940,6.94,12.85,9.89
01/1941,7.17,11.94,9.55
02/1941,9.31,13.97,11.64
03/1941,10.1,15.93,13.01
04/1941,11.35,17.53,14.44
05/1941,11.64,19.34,15.49
06/1941,15.9,25.71,20.81
07/1941,17.66,27.7,22.68
08/1941,17.15,29.64,23.4
09/1941,17.59,27.97,22.78
10/1941,14.7,25.25,19.98
11/1941,9.57,17.11,13.34
12/1941,6.13,12.95,9.54
01/1942,7.67,13.98,10.83
02/1942,5.84,14.4,10.12
03/1942,10.95,16.86,13.91
04/1942,10.96,18.32,14.64
05/1942,13.06,21.24,17.15
06/1942,15.79,25.24,20.52
07/1942,17.32,28.41,22.86
08/1942,16.79,27.08,21.93
09/1942,16.75,26.53,21.64
10/1942,14.84,23.53,19.18
11/1942,10.61,17.23,13.92
12/1942,9.23,15.49,12.36
01/1943,9.83,15.63,12.73
02/1943,8.22,15.81,12.02
03/1943,10.22,18.22,14.22
04/1943,13.09,22.77,17.93
05/1943,13.99,24.91,19.45
06/1943,16.17,27.68,21.93
07/1943,17.33,27.15,22.24
08/1943,17.97,30.51,24.24
09/1943,15.47,23.95,19.71
10/1943,13.51,21.74,17.63
11/1943,9.24,17.04,13.14
12/1943,7.86,13.95,10.91
01/1944,6.07,14.83,10.45
02/1944,6.28,15.19,10.74
03/1944,8.69,18.44,13.56
04/1944,12.45,21.69,17.07
05/1944,14.06,24.99,19.53
06/1944,16.9,26.83,21.86
07/1944,16.97,28.24,22.61
08/1944,17.9,27.82,22.86
09/1944,16.64,27.14,21.89
10/1944,12.52,20.91,16.72
11/1944,10.15,18.06,14.1
12/1944,7.42,14.03,10.72
01/1945,5.06,11.76,8.41
02/1945,8.4,17.44,12.92
03/1945,9.8,21.08,15.44
04/1945,13.48,23.98,18.73
05/1945,13.04,22.24,17.64
06/1945,16.67,27.08,21.88
07/1945,16.35,27.6,21.98
08/1945,16.27,27.35,21.81
09/1945,16.34,28.04,22.19
10/1945,15.33,24.77,20.05
11/1945,13.01,19.6,16.3
12/1945,9.47,16.04,12.76
01/1946,6.8,13.63,10.21
02/1946,8.55,17.13,12.84
03/1946,8.99,16.92,12.95
04/1946,11.36,19.17,15.27
05/1946,11.53,18.84,15.18
06/1946,14.55,24.86,19.7
07/1946,17.67,30.31,23.99
08/1946,16.35,27,21.67
09/1946,15.43,26.57,21
10/1946,14.83,22.98,18.9
11/1946,11.16,18.44,14.8
12/1946,8.11,14.83,11.47
01/1947,6.43,13.63,10.03
02/1947,8.96,14.27,11.62
03/1947,10.57,17.2,13.89
04/1947,11.58,22.75,17.17
05/1947,11.58,21.28,16.43
06/1947,14.89,25.43,20.16
07/1947,16.33,28.16,22.25
08/1947,18.16,28.93,23.55
09/1947,16.85,26.98,21.92
10/1947,15.49,24.67,20.08
11/1947,11.97,21.43,16.7
12/1947,7.84,15.03,11.43
01/1948,9.15,15.71,12.43
02/1948,8.87,17.26,13.06
03/1948,11.62,21.61,16.61
04/1948,10.99,19.51,15.25
05/1948,12.61,20.82,16.71
06/1948,16.64,27.45,22.04
07/1948,16.7,28.53,22.61
08/1948,17.5,28.52,23.01
09/1948,17.4,28.12,22.76
10/1948,15.4,24.59,20
11/1948,12.28,20.97,16.63
12/1948,10.31,16.54,13.43
01/1949,7.75,15.91,11.83
02/1949,8.74,18.13,13.43
03/1949,10.17,18.58,14.37
04/1949,13.22,23.01,18.11
05/1949,12.59,22.16,17.38
06/1949,15.87,27.01,21.44
07/1949,18.51,29.73,24.12
08/1949,19.39,31.14,25.27
09/1949,17.5,25.35,21.42
10/1949,15.31,23.9,19.6
11/1949,12.06,19.04,15.55
12/1949,9.09,14.86,11.98
01/1950,7.13,14.55,10.84
02/1950,8.55,16.88,12.72
03/1950,10.27,18.68,14.48
04/1950,11.35,20.54,15.94
05/1950,12.82,21.64,17.23
06/1950,15.75,25.4,20.57
07/1950,17.79,28.38,23.09
08/1950,16.92,27.64,22.28
09/1950,16.11,26.64,21.38
10/1950,14.24,22.98,18.61
11/1950,12.4,19.67,16.04
12/1950,8.03,13.79,10.91
01/1951,8.04,14.79,11.42
02/1951,8.29,14.11,11.2
03/1951,9.56,17.04,13.3
04/1951,10.85,19.87,15.36
05/1951,11.62,19.76,15.69
06/1951,15.19,25.9,20.55
07/1951,17.01,26.8,21.9
08/1951,16.75,26.93,21.84
09/1951,16.8,27.72,22.26
10/1951,13.65,22.61,18.13
11/1951,10.75,16.91,13.83
12/1951,9.41,15.59,12.5
01/1952,6.48,13.34,9.91
02/1952,7.97,15.94,11.96
03/1952,10.95,19.1,15.03
04/1952,10.97,19.07,15.02
05/1952,13.61,21.94,17.77
06/1952,16.14,25.99,21.06
07/1952,16.8,27.48,22.14
08/1952,16.89,27.39,22.14
09/1952,14.7,25.4,20.05
10/1952,13.94,22.33,18.14
11/1952,10.93,19.26,15.1
12/1952,9.01,15.91,12.46
01/1953,6.91,13.89,10.4
02/1953,7.53,14.99,11.26
03/1953,9.32,18.72,14.02
04/1953,11.03,19.81,15.42
05/1953,14.86,25.14,20
06/1953,14.75,23.92,19.33
07/1953,16.65,28.32,22.48
08/1953,18.48,30.06,24.27
09/1953,17.66,27.47,22.56
10/1953,13.69,22.02,17.86
11/1953,12.16,19.11,15.64
12/1953,10.41,16.24,13.33
01/1954,6.25,12.76,9.51
02/1954,7.12,14.14,10.63
03/1954,9.29,16.47,12.88
04/1954,10.92,19.3,15.11
05/1954,12.84,22.77,17.8
06/1954,14.18,24,19.09
07/1954,16.41,27.67,22.04
08/1954,16.15,26.47,21.31
09/1954,16.03,26.05,21.04
10/1954,15.74,24.88,20.31
11/1954,12.89,19.09,15.99
12/1954,8.46,15.11,11.79
01/1955,11.5,16.49,14
02/1955,8.98,16.32,12.65
03/1955,9.33,16.81,13.07
04/1955,12.76,22.59,17.67
05/1955,14.15,23.98,19.06
06/1955,15.75,26.29,21.02
07/1955,16.73,26.62,21.67
08/1955,17.54,28.28,22.91
09/1955,17.4,28.29,22.84
10/1955,14.55,23.32,18.94
11/1955,11.75,17.58,14.66
12/1955,10.48,17.09,13.78
01/1956,8.66,15.03,11.85
02/1956,3.8,11.69,7.75
03/1956,8.63,16.67,12.65
04/1956,11.17,18.11,14.64
05/1956,13.95,23.24,18.6
06/1956,15.84,25.7,20.77
07/1956,16.44,27.37,21.9
08/1956,16.17,26.18,21.18
09/1956,14.87,23.91,19.39
10/1956,14.63,22.37,18.5
11/1956,8.65,16.11,12.38
12/1956,6.08,13.89,9.98
01/1957,5.35,13.24,9.29
02/1957,9.16,15.76,12.46
03/1957,10.89,18.75,14.82
04/1957,10.42,19.66,15.04
05/1957,12.34,21.1,16.72
06/1957,14.66,24.39,19.52
07/1957,17.94,28.72,23.33
08/1957,17.47,28.8,23.14
09/1957,17.11,27.38,22.24
10/1957,13.11,22.68,17.89
11/1957,10.08,17.41,13.75
12/1957,6.39,13.56,9.97
01/1958,8.68,14.66,11.67
02/1958,10.34,16.44,13.39
03/1958,10.15,17.03,13.59
04/1958,10.49,19.75,15.12
05/1958,13.21,22.25,17.73
06/1958,15.17,23.75,19.46
07/1958,16.36,28.1,22.23
08/1958,16.63,26.97,21.8
09/1958,16.84,25.82,21.33
10/1958,14.69,23.79,19.24
11/1958,10.49,18.26,14.38
12/1958,9.84,15.35,12.59
01/1959,9.91,15.46,12.68
02/1959,7.68,15.45,11.57
03/1959,10.19,16.8,13.5
04/1959,11.6,18.91,15.26
05/1959,13.13,21.45,17.29
06/1959,15.6,25.15,20.37
07/1959,17.32,27.99,22.65
08/1959,17.84,28.24,23.04
09/1959,16.9,25.99,21.44
10/1959,14.26,22.12,18.19
11/1959,10.78,17.56,14.17
12/1959,9.61,14.75,12.18
01/1960,8.65,14.19,11.42
02/1960,9.61,15.71,12.66
03/1960,10.34,17.4,13.87
04/1960,12.11,20.53,16.32
05/1960,13.54,22.15,17.84
06/1960,16.33,25.57,20.95
07/1960,17.27,27.32,22.29
08/1960,16.45,26.74,21.6
09/1960,16.2,26.45,21.33
10/1960,13.15,20.3,16.73
11/1960,11.92,17.5,14.71
12/1960,8.4,14.21,11.3
01/1961,7.63,13.65,10.64
02/1961,9.83,17.42,13.62
03/1961,11.15,21.61,16.38
04/1961,11.52,19.63,15.58
05/1961,15.12,24.57,19.84
06/1961,16.23,26.08,21.15
07/1961,17.78,28.46,23.12
08/1961,19.11,31.3,25.21
09/1961,16.39,25.88,21.14
10/1961,13.74,21.07,17.4
11/1961,10.94,17.15,14.05
12/1961,10.59,15.71,13.15
01/1962,8.08,14.76,11.42
02/1962,7.3,15.78,11.54
03/1962,10.47,16.07,13.27
04/1962,11.28,19.57,15.43
05/1962,12.96,22.25,17.61
06/1962,16.68,26.63,21.65
07/1962,16.32,27.13,21.73
08/1962,17.56,28.99,23.28
09/1962,17.04,26.2,21.62
10/1962,16.03,23.49,19.76
11/1962,9.57,16.34,12.95
12/1962,7.55,13.44,10.5
01/1963,8.77,14.02,11.39
02/1963,7.86,14.39,11.13
03/1963,9.74,16.55,13.14
04/1963,11.43,19.68,15.56
05/1963,13.25,22.81,18.03
06/1963,14.7,23.29,19
07/1963,17.25,27.84,22.55
08/1963,16.26,25.95,21.11
09/1963,15.71,25.2,20.45
10/1963,14.57,24.74,19.65
11/1963,12.35,17.79,15.07
12/1963,8.35,14.07,11.21
01/1964,7.81,14.4,11.11
02/1964,9.33,15.75,12.54
03/1964,9.5,15.89,12.7
04/1964,10.45,19.3,14.88
05/1964,14.06,24.12,19.09
06/1964,16.13,25.62,20.88
07/1964,16.93,26.94,21.93
08/1964,18.09,28.75,23.42
09/1964,18.58,28.29,23.44
10/1964,14,22.45,18.23
11/1964,10.31,18.02,14.17
12/1964,6.27,13.35,9.81
01/1965,7.91,14.29,11.1
02/1965,6.74,14.01,10.38
03/1965,10.46,17.6,14.03
04/1965,11.55,20.21,15.88
05/1965,13.97,25.22,19.6
06/1965,15.88,26.11,20.99
07/1965,15.88,25.73,20.8
08/1965,17.4,28.68,23.04
09/1965,15.04,24.24,19.64
10/1965,15.09,21.38,18.23
11/1965,10.7,16.78,13.74
12/1965,9.52,14.71,12.11
01/1966,11.17,15.88,13.52
02/1966,10.42,16.17,13.3
03/1966,9.49,18.57,14.03
04/1966,11.86,19.05,15.46
05/1966,13.6,24.39,19
06/1966,16,25.1,20.55
07/1966,17.21,26.8,22.01
08/1966,16.75,27.65,22.2
09/1966,17.99,28.2,23.1
10/1966,13.58,20.13,16.86
11/1966,9,15.21,12.11
12/1966,7.95,14.52,11.24
01/1967,7.02,14.19,10.6
02/1967,8.69,15.41,12.05
03/1967,10.85,19.58,15.21
04/1967,10.7,19.61,15.16
05/1967,11.62,20.35,15.99
06/1967,15.81,26.45,21.13
07/1967,16.22,26.91,21.56
08/1967,16.69,27.26,21.98
09/1967,16.38,25.24,20.81
10/1967,14.45,22.99,18.72
11/1967,10.55,16.73,13.64
12/1967,7.47,13.76,10.61
01/1968,7.49,15.36,11.43
02/1968,9.21,15.46,12.33
03/1968,9.13,16.43,12.78
04/1968,10.49,18.08,14.28
05/1968,12.88,21.96,17.42
06/1968,15.05,25.51,20.28
07/1968,17.74,27.92,22.83
08/1968,17.45,27.85,22.65
09/1968,16.36,25.23,20.79
10/1968,15.78,24.55,20.17
11/1968,12.03,18.57,15.3
12/1968,9.11,15.03,12.07
01/1969,9.11,14.78,11.95
02/1969,7.68,13.73,10.71
03/1969,10.3,16.74,13.52
04/1969,10.4,18.83,14.62
05/1969,12.38,20.2,16.29
06/1969,15.28,23.8,19.54
07/1969,17.96,29.75,23.85
08/1969,18.44,28.94,23.69
09/1969,15.44,23.45,19.44
10/1969,15.05,22.46,18.76
11/1969,9.61,16.79,13.2
12/1969,8.1,14.36,11.23
01/1970,9.85,14.68,12.27
02/1970,8.23,15.67,11.95
03/1970,8.25,16.27,12.26
04/1970,10.36,20.06,15.21
05/1970,13.66,22.83,18.25
06/1970,15.13,23.3,19.21
07/1970,17.18,27.71,22.45
08/1970,16.68,26.73,21.7
09/1970,17.14,27.78,22.46
10/1970,14.16,23.82,18.99
11/1970,13.1,21.02,17.06
12/1970,5.05,11.83,8.44
01/1971,7.61,13.7,10.65
02/1971,8.97,17.14,13.05
03/1971,8.11,16.05,12.08
04/1971,10.52,17.9,14.21
05/1971,11.69,19.01,15.35
06/1971,13.95,23,18.48
07/1971,17.78,26.5,22.14
08/1971,16.34,25.92,21.13
09/1971,16.81,26.57,21.69
10/1971,15.77,25.39,20.58
11/1971,9.55,17.37,13.46
12/1971,8.28,15.36,11.82
01/1972,7.53,13.86,10.69
02/1972,8.65,14.84,11.74
03/1972,8.64,15.65,12.14
04/1972,11.1,19.88,15.49
05/1972,11.07,20.07,15.57
06/1972,12.75,21.6,17.17
07/1972,16.84,25.97,21.41
08/1972,17.14,26.49,21.81
09/1972,15.45,23.73,19.59
10/1972,13.3,20.5,16.9
11/1972,11.67,17.41,14.54
12/1972,8.85,14.18,11.51
01/1973,7.23,13.82,10.52
02/1973,8.19,15.07,11.63
03/1973,9.27,17.59,13.43
04/1973,11.41,20.76,16.09
05/1973,13.32,21.39,17.36
06/1973,16.14,25.74,20.94
07/1973,16.61,25.77,21.19
08/1973,17.82,28.66,23.24
09/1973,16.81,24.98,20.9
10/1973,14.53,22.04,18.28
11/1973,11.37,18.29,14.83
12/1973,7.47,14.35,10.91
01/1974,9.83,15.58,12.7
02/1974,8.54,15.41,11.97
03/1974,9.16,16.43,12.8
04/1974,9.91,17.63,13.77
05/1974,13.08,22.14,17.61
06/1974,15.41,24.01,19.71
07/1974,18.65,29.72,24.19
08/1974,17.09,28.21,22.65
09/1974,15.17,24.53,19.85
10/1974,11.92,20.31,16.11
11/1974,10.7,17.94,14.32
12/1974,8.21,15.13,11.67
01/1975,8.55,14.87,11.71
02/1975,10.15,16.14,13.14
03/1975,8.78,15.79,12.28
04/1975,10.41,19.16,14.79
05/1975,12.95,20.62,16.78
06/1975,14.83,24.1,19.46
07/1975,17.02,27.84,22.43
08/1975,18.58,28.5,23.54
09/1975,15.92,24.29,20.1
10/1975,14.7,23,18.85
11/1975,11.11,18.46,14.78
12/1975,6.86,12.99,9.92
01/1976,6.04,13.83,9.93
02/1976,9.16,16.16,12.66
03/1976,9.7,18.3,14
04/1976,10.29,17.53,13.91
05/1976,12.77,22.11,17.44
06/1976,16.97,28.13,22.55
07/1976,18.02,27.95,22.99
08/1976,18.5,28.23,23.36
09/1976,15.93,24.47,20.2
10/1976,13.55,20.56,17.05
11/1976,9.13,15.99,12.56
12/1976,10.1,15.02,12.56
01/1977,8.74,13.86,11.3
02/1977,10.05,15.49,12.77
03/1977,10.46,18.34,14.4
04/1977,11.71,19.93,15.82
05/1977,12.1,21.06,16.58
06/1977,13.32,22.64,17.98
07/1977,15.92,25.46,20.69
08/1977,16.15,26.22,21.18
09/1977,17.58,27.52,22.55
10/1977,14.17,21.84,18.01
11/1977,11.02,17.68,14.35
12/1977,11.24,16.5,13.87
01/1978,8.66,14.23,11.45
02/1978,9.93,15.75,12.84
03/1978,9.19,17.78,13.49
04/1978,10.15,17.28,13.71
05/1978,12.3,20.63,16.46
06/1978,13.91,22.52,18.21
07/1978,16.6,28.32,22.46
08/1978,16.83,28.07,22.45
09/1978,18.69,29.24,23.96
10/1978,14.22,22.92,18.57
11/1978,11.53,18.03,14.78
12/1978,11.65,16.21,13.93
01/1979,9.25,14.74,12
02/1979,9.98,15.03,12.51
03/1979,8.88,15.57,12.23
04/1979,10.6,18.75,14.68
05/1979,12.73,21.89,17.31
06/1979,15.58,25.37,20.47
07/1979,17.81,27.36,22.59
08/1979,17.46,27.95,22.71
09/1979,16.32,26.02,21.17
10/1979,13.72,19.73,16.72
11/1979,10.25,17.87,14.06
12/1979,9.72,15.59,12.66
01/1980,8.17,14.94,11.55
02/1980,9.42,16.76,13.09
03/1980,9.98,17.07,13.52
04/1980,12.26,21.13,16.69
05/1980,13.01,20.88,16.94
06/1980,15.05,24.56,19.8
07/1980,16.54,27.47,22
08/1980,18.31,28.25,23.28
09/1980,17.21,28.04,22.63
10/1980,14.35,22.66,18.51
11/1980,10.5,16.92,13.71
12/1980,7.35,14.63,10.99
01/1981,7.83,15.59,11.71
02/1981,7.52,15.98,11.75
03/1981,11.17,17.97,14.57
04/1981,10.96,18.29,14.62
05/1981,12.37,20.32,16.34
06/1981,17.57,26.74,22.15
07/1981,18.42,28.66,23.54
08/1981,17.75,27.82,22.78
09/1981,17.56,26.16,21.86
10/1981,15.15,22.83,18.99
11/1981,13.25,21.51,17.38
12/1981,11.12,16.87,14
01/1982,9.22,15.63,12.43
02/1982,9.76,16.32,13.04
03/1982,10.51,18.71,14.61
04/1982,12.36,20.54,16.45
05/1982,13.58,22.43,18
06/1982,15.66,24.83,20.24
07/1982,16.57,24.68,20.63
08/1982,18.11,28.27,23.19
09/1982,17.9,26.57,22.23
10/1982,13.63,21.44,17.53
11/1982,11.13,17.06,14.09
12/1982,8.72,14.39,11.56
01/1983,6.81,14.59,10.7
02/1983,7.78,14.02,10.9
03/1983,11.54,19.81,15.67
04/1983,10.84,18.08,14.46
05/1983,11.92,19.52,15.72
06/1983,16.92,25.74,21.33
07/1983,17.23,24.75,20.99
08/1983,17.97,26.85,22.41
09/1983,17.69,28.18,22.93
10/1983,15.66,24.06,19.86
11/1983,13.87,19.26,16.57
12/1983,9.07,15.46,12.27
01/1984,8.06,14.37,11.22
02/1984,8.03,15.41,11.72
03/1984,8.54,16.09,12.31
04/1984,13.43,21.36,17.4
05/1984,11.12,18.54,14.83
06/1984,15.74,24.42,20.08
07/1984,16.49,27.22,21.86
08/1984,17.73,28.4,23.06
09/1984,16.72,26.93,21.83
10/1984,13.49,22.33,17.91
11/1984,11.77,17.62,14.69
12/1984,9.73,15.63,12.68
01/1985,6.15,13.41,9.78
02/1985,10.69,16.42,13.55
03/1985,9.68,17.05,13.37
04/1985,12.05,19.4,15.73
05/1985,12.65,19.62,16.13
06/1985,15.92,24.6,20.26
07/1985,17.84,26.99,22.41
08/1985,17.46,28.02,22.74
09/1985,18.7,28.66,23.68
10/1985,15.93,24.79,20.36
11/1985,11.3,17.36,14.33
12/1985,9.01,15.45,12.23
01/1986,8.25,14.65,11.45
02/1986,9.03,14.8,11.91
03/1986,9.37,17.13,13.25
04/1986,9.13,16.71,12.92
05/1986,13.58,22.74,18.16
06/1986,15.82,25.3,20.56
07/1986,18.19,28.7,23.45
08/1986,17.17,26.51,21.84
09/1986,18.28,25.9,22.09
10/1986,16.05,23.47,19.76
11/1986,11,18.09,14.55
12/1986,8.5,15.24,11.87
01/1987,7.97,14.3,11.14
02/1987,8.78,15.33,12.05
03/1987,11.56,19.47,15.52
04/1987,12.45,19.95,16.2
05/1987,14.1,23.01,18.55
06/1987,16.32,26.27,21.3
07/1987,18.53,28.67,23.6
08/1987,18.94,28.55,23.74
09/1987,19.85,28.44,24.15
10/1987,14.07,19.55,16.81
11/1987,11.67,17.47,14.57
12/1987,11.05,15.72,13.38
01/1988,9.46,15.29,12.38
02/1988,8.8,15.16,11.98
03/1988,10.43,18.96,14.7
04/1988,11.99,18.66,15.32
05/1988,13.37,20.45,16.91
06/1988,15.94,22.9,19.42
07/1988,17.4,26.53,21.96
08/1988,17.63,27.59,22.61
09/1988,18.15,28.75,23.45
10/1988,14.97,22.92,18.95
11/1988,12.54,17.89,15.21
12/1988,7.84,14.44,11.14
01/1989,7.25,14.31,10.78
02/1989,9.53,16.57,13.05
03/1989,11.08,19.02,15.05
04/1989,10.57,17.14,13.86
05/1989,14.7,23.18,18.94
06/1989,17.1,26.08,21.59
07/1989,20.01,30.16,25.09
08/1989,19.5,27.29,23.39
09/1989,16.78,26.4,21.59
10/1989,16.42,24.22,20.32
11/1989,12.89,18.2,15.55
12/1989,12.38,16.26,14.32
01/1990,8.38,14.01,11.2
02/1990,10.93,17.9,14.42
03/1990,11.54,19.65,15.59
04/1990,11.25,18.16,14.71
05/1990,15.38,23.75,19.57
06/1990,16.33,24.42,20.38
07/1990,19.52,29.16,24.34
08/1990,18.74,29.42,24.08
09/1990,17.86,26.33,22.1
10/1990,15.3,21.57,18.44
11/1990,10.57,17.74,14.16
12/1990,8.48,13.38,10.93
01/1991,7.53,14.05,10.79
02/1991,7.74,14.48,11.11
03/1991,10.72,16.74,13.73
04/1991,10.95,19.16,15.05
05/1991,14.78,23.97,19.38
06/1991,16.07,25.53,20.8
07/1991,18.75,28.72,23.73
08/1991,19.85,29.54,24.7
09/1991,18.55,27.48,23.02
10/1991,13.33,20.65,16.99
11/1991,11.29,17.49,14.39
12/1991,8.6,14.74,11.67
01/1992,6.03,13.2,9.61
02/1992,7.81,15.74,11.77
03/1992,10.99,19.62,15.31
04/1992,12.03,20.53,16.28
05/1992,14.96,23.66,19.31
06/1992,14.87,22.62,18.75
07/1992,17.99,28.45,23.22
08/1992,19.14,28.9,24.02
09/1992,16.16,25.64,20.9
10/1992,13.05,19.6,16.32
11/1992,12.43,18.66,15.55
12/1992,10.16,14.95,12.56
01/1993,7.17,14.29,10.73
02/1993,8.98,16.04,12.51
03/1993,10.14,17.83,13.99
04/1993,11.16,18.1,14.63
05/1993,13.11,19.4,16.25
06/1993,16.87,24.82,20.84
07/1993,18.82,28.33,23.58
08/1993,18.2,27.25,22.73
09/1993,16.13,22.65,19.39
10/1993,12.95,19.01,15.98
11/1993,10.86,16.38,13.62
12/1993,9.95,14.91,12.43
01/1994,8.84,14.61,11.72
02/1994,8.18,15.2,11.69
03/1994,11.83,20.32,16.07
04/1994,11.59,19.54,15.57
05/1994,13.42,19.96,16.69
06/1994,17.3,25.8,21.55
07/1994,17.58,26.1,21.84
08/1994,18.65,27.04,22.84
09/1994,16.96,25.09,21.02
10/1994,15.69,21.85,18.77
11/1994,12.17,18.31,15.24
12/1994,10.42,15.9,13.16
01/1995,9.77,15.76,12.76
02/1995,10.32,16.75,13.53
03/1995,11.29,19.46,15.38
04/1995,12.58,21.91,17.24
05/1995,15.35,23.44,19.39
06/1995,16.45,25.1,20.77
07/1995,18.97,28.08,23.53
08/1995,19.74,29.48,24.61
09/1995,16.81,24.87,20.84
10/1995,16.25,24.49,20.37
11/1995,13.94,19.73,16.83
12/1995,10.99,15.81,13.4
01/1996,10.17,15.18,12.68
02/1996,8.12,14.46,11.29
03/1996,10.54,17.36,13.95
04/1996,12.62,20.63,16.62
05/1996,13.25,21.35,17.3
06/1996,17.91,27.53,22.72
07/1996,18.71,28.23,23.47
08/1996,17.71,25.85,21.78
09/1996,16.82,24.99,20.91
10/1996,14.63,22.77,18.7
11/1996,11.82,18.14,14.98
12/1996,9.99,15.39,12.69
01/1997,8.55,14.52,11.53
02/1997,10.97,18.01,14.49
03/1997,13.22,23.61,18.41
04/1997,14.69,22.51,18.6
05/1997,14.46,21.65,18.06
06/1997,15.86,22.41,19.14
07/1997,18.57,26.9,22.74
08/1997,18.33,26.8,22.57
09/1997,17.94,27.8,22.87
10/1997,16.78,23.69,20.23
11/1997,12.97,18.93,15.95
12/1997,10.54,16.27,13.41
01/1998,9.64,15.94,12.79
02/1998,10.82,17.81,14.32
03/1998,11.94,21.14,16.54
04/1998,11.3,17.92,14.61
05/1998,13.67,20.89,17.28
06/1998,16.21,24.77,20.49
07/1998,17.98,27.71,22.85
08/1998,19,28.41,23.7
09/1998,18,25.32,21.66
10/1998,14.53,22.44,18.48
11/1998,12.37,19.23,15.8
12/1998,7.3,14.83,11.07
01/1999,7.65,14.88,11.26
02/1999,8.29,15.84,12.07
03/1999,11.22,18.35,14.78
04/1999,12.77,20.51,16.64
05/1999,14.59,21.57,18.08
06/1999,16.42,25.31,20.86
07/1999,18.45,28.3,23.38
08/1999,18.93,27.03,22.98
09/1999,17.78,24.76,21.27
10/1999,14.96,21.5,18.23
11/1999,10.3,17.1,13.7
12/1999,9.47,15.17,12.32
01/2000,5.84,13.35,9.6
02/2000,10.57,18.24,14.41
03/2000,11.66,19.96,15.81
04/2000,11.01,16.85,13.93
05/2000,14.35,21.92,18.14
06/2000,17.66,26.81,22.24
07/2000,18.2,26.96,22.58
08/2000,18.97,28.55,23.76
09/2000,17.21,26.73,21.97
10/2000,14.65,22.2,18.42
11/2000,11.41,17.28,14.35
12/2000,11.26,16.53,13.89
01/2001,10.11,15.49,12.8
02/2001,9.91,16.93,13.42
03/2001,12.56,17.43,15
04/2001,12.74,20.42,16.58
05/2001,13.96,21.64,17.8
06/2001,16.73,26.26,21.49
07/2001,17.68,26.2,21.94
08/2001,18.42,27.12,22.77
09/2001,17.28,25.9,21.59
10/2001,15.87,21.96,18.92
11/2001,10.35,16.97,13.66
12/2001,7.07,12.85,9.96
01/2002,9.41,15.55,12.48
02/2002,9.88,17.33,13.6
03/2002,11.18,18.68,14.93
04/2002,11.68,19.94,15.81
05/2002,13.25,20.76,17
06/2002,15.65,24.72,20.19
07/2002,17.63,26.81,22.22
08/2002,17.78,27.15,22.46
09/2002,17.4,23.58,20.49
10/2002,16.18,22.75,19.46
11/2002,12.15,18.79,15.47
12/2002,11.15,16.57,13.86
01/2003,8.23,15.19,11.71
02/2003,9.06,15.29,12.18
03/2003,11.54,18.53,15.03
04/2003,11.97,18.99,15.48
05/2003,15.06,23.88,19.47
06/2003,17.8,26.7,22.25
07/2003,17.92,26.75,22.33
08/2003,20.77,30.07,25.42
09/2003,18.89,27.62,23.26
10/2003,14.65,21.3,17.98
11/2003,12.41,17.99,15.2
12/2003,8.9,14.56,11.73
01/2004,9.89,15.88,12.89
02/2004,9.34,15.89,12.62
03/2004,9.65,16.98,13.31
04/2004,11.84,20.15,16
05/2004,13.95,22.08,18.02
06/2004,18.4,27.97,23.19
07/2004,18.73,28.38,23.55
08/2004,19.04,27.81,23.42
09/2004,17.93,26.78,22.36
10/2004,14.69,22.64,18.66
11/2004,10.7,17.62,14.16
12/2004,8.85,14.8,11.83
01/2005,6.98,14.65,10.81
02/2005,6.76,14.74,10.75
03/2005,10.37,17.58,13.98
04/2005,12.5,19.89,16.2
05/2005,14.89,22.68,18.79
06/2005,18.27,27.81,23.04
07/2005,18.27,27.63,22.95
08/2005,20.1,29.85,24.98
09/2005,17.5,27.03,22.26
10/2005,16.05,23.19,19.62
11/2005,10.85,17.15,14
12/2005,8.89,15.02,11.96
01/2006,7.3,13.73,10.51
02/2006,7.83,15.39,11.61
03/2006,11.25,17.5,14.38
04/2006,13.19,20.79,16.99
05/2006,15.16,24.65,19.91
06/2006,17.68,25.58,21.63
07/2006,19.61,28.98,24.29
08/2006,19.87,29.7,24.79
09/2006,18.31,27.22,22.76
10/2006,16.78,23.18,19.98
11/2006,13.99,19.83,16.91
12/2006,8.75,14.65,11.7
01/2007,8.1,14.57,11.34
02/2007,10.08,16.49,13.28
03/2007,11.12,18.21,14.66
04/2007,12.53,20.26,16.4
05/2007,14.05,21.84,17.94
06/2007,16.23,23.68,19.95
07/2007,18.09,27.5,22.8
08/2007,18.24,26.97,22.6
09/2007,18.03,26.6,22.32
10/2007,15.8,23.4,19.6
11/2007,11.09,19.23,15.16
12/2007,8.48,14.76,11.62
01/2008,10.07,17.02,13.54
02/2008,10.61,17.37,13.99
03/2008,10.74,17.8,14.27
04/2008,12.92,20.44,16.68
05/2008,13.57,20.29,16.93
06/2008,17.19,26.86,22.03
07/2008,18.06,27.06,22.56
08/2008,18.17,27.03,22.6
09/2008,17.12,25.33,21.22
10/2008,14.97,22.44,18.7
11/2008,10.21,17.25,13.73
12/2008,8.91,14.08,11.49
01/2009,8.14,13.41,10.77
02/2009,8.88,16.69,12.79
03/2009,12.08,20.42,16.25
04/2009,11.04,18.81,14.92
05/2009,14.63,23.36,18.99
06/2009,18.17,26.46,22.31
07/2009,17.84,27.22,22.53
08/2009,19.1,29.15,24.13
09/2009,18.21,27.17,22.69
10/2009,17.24,25.08,21.16
11/2009,13.12,19.17,16.14
12/2009,9.67,15.36,12.52
01/2010,9.18,14.7,11.94
02/2010,8.44,14.49,11.46
03/2010,10.37,17.19,13.78
04/2010,13.78,21.36,17.57
05/2010,14.55,22.16,18.36
06/2010,16.63,25.55,21.09
07/2010,19.56,30.46,25.01
08/2010,20.16,30.62,25.39
09/2010,17.94,26.65,22.29
10/2010,14.73,21.78,18.25
11/2010,11.49,17.37,14.43
12/2010,8.92,14.77,11.85
01/2011,8.81,14.4,11.6
02/2011,9.07,16.92,12.99
03/2011,10.5,17.41,13.96
04/2011,15.23,23.78,19.5
05/2011,16.75,25.05,20.9
06/2011,16.96,26.03,21.49
07/2011,17.5,26.35,21.93
08/2011,18.31,27.25,22.78
09/2011,17.99,26.73,22.36
10/2011,16.99,25.92,21.45
11/2011,11.85,17.94,14.9
12/2011,9.13,15.67,12.4
01/2012,7.94,15.32,11.63
02/2012,6.64,15.28,10.96
03/2012,11.25,20.16,15.71
04/2012,11.05,17.41,14.23
05/2012,15.06,23.42,19.24
06/2012,17.14,25.69,21.42
07/2012,17.58,27.21,22.39
08/2012,18.58,27.95,23.27
09/2012,18.85,27.71,23.28
10/2012,14.79,22.33,18.56
11/2012,10.97,16.78,13.88
12/2012,9.83,15.52,12.68
01/2013,9.64,15.21,12.42
02/2013,8.6,14.91,11.76
03/2013,10.49,16,13.25
04/2013,12.05,19.48,15.76
05/2013,12.99,21.38,17.19
06/2013,16.45,25.46,20.95
07/2013,18.85,28.61,23.73
08/2013,19.22,29.61,24.41
09/2013,18.56,27.18,22.87
10/2013,16.44,22.54,19.49
11/2013,11.16,17.13,14.15
12/2013,8.11,14.86,11.49
01/2014,10.38,15.15,12.76
02/2014,9.36,15.29,12.32
03/2014,10.47,17.75,14.11
04/2014,12.77,19.76,16.27
05/2014,14.65,23.41,19.03
06/2014,17.07,24.98,21.02
07/2014,18.08,27.09,22.58
08/2014,18.36,27.19,22.78
09/2014,18.76,25.26,22.01
10/2014,17.82,24.14,20.98
11/2014,12.9,18.23,15.56
12/2014,8.81,14.72,11.76
01/2015,7.82,14.35,11.08
02/2015,8.36,14.34,11.35
03/2015,10.39,18.35,14.37
04/2015,13.4,21.07,17.23
05/2015,16.13,25.1,20.61
06/2015,17.71,27.69,22.7
07/2015,18.61,28.14,23.38
08/2015,18.6,28.22,23.41
09/2015,16.62,25.48,21.05
10/2015,16,22,19
11/2015,13.24,19.6,16.42
12/2015,10.76,16.66,13.71
01/2016,10.81,16.54,13.68
02/2016,9.9,15.85,12.88
03/2016,9.89,17.03,13.46
04/2016,11.73,18.63,15.18
05/2016,13.94,21.01,17.47
06/2016,17.27,26.53,21.9
07/2016,19.54,29.91,24.73
08/2016,19.85,30.71,25.28
09/2016,17.97,27.8,22.88
10/2016,15.77,23.14,19.46
11/2016,11.97,18.22,15.09
12/2016,9.83,15.66,12.74
01/2017,7.68,14.46,11.07
02/2017,10.4,16.26,13.33
03/2017,11.12,18.31,14.72
04/2017,13.89,23.37,18.63
05/2017,15.88,24.22,20.05
06/2017,18.39,28.3,23.34
07/2017,18.34,27.79,23.07
08/2017,18.57,28.9,23.74
09/2017,16.92,26.69,21.81
10/2017,17.02,26.14,21.58
11/2017,12.03,18.79,15.41
12/2017,9.01,15.16,12.09
01/2018,9.26,15.47,12.36
02/2018,8.53,15.2,11.86
03/2018,10.1,15.84,12.97
04/2018,11.75,18.95,15.35
05/2018,13.99,21.6,17.8
06/2018,16.61,24.06,20.33
07/2018,18.04,25.36,21.7
08/2018,19.95,30.66,25.3